{
    "m_Version": 8,
    "m_TraderID": 1,
    "m_ClassName": "ExpansionP2PTraderHelga",
    "m_Position": [
        5630.3408203125,
        180.3894805908203,
        10591.4814453125
    ],
    "m_Orientation": [
        -148.65414428710938,
        0.0,
        0.0
    ],
    "m_LoadoutFile": "P2P_TraderLoadout",
    "m_VehicleSpawnPosition": [
        5630.3408203125,
        180.3894805908203,
        10591.4814453125
    ],
    "m_WatercraftSpawnPosition": [
        5630.3408203125,
        180.3894805908203,
        10591.4814453125
    ],
    "m_AircraftSpawnPosition": [
        5630.3408203125,
        180.3894805908203,
        10591.4814453125
    ],
    "m_DisplayName": "Player-to-Player Market",
    "m_DisplayIcon": "Deliver",
    "m_Faction": "InvincibleObservers",
    "m_Waypoints": [],
    "m_EmoteID": 46,
    "m_EmoteIsStatic": 0,
    "m_RequiredFaction": "",
    "m_UseReputation": 0,
    "m_MinRequiredReputation": 0,
    "m_MaxRequiredReputation": 2147483647,
    "m_RequiredCompletedQuestID": -1,
    "m_IsGlobalTrader": 1,
    "m_Currencies": [
        "nail"
    ],
    "m_DisplayCurrencyValue": 1,
    "m_DisplayCurrencyName": ""
}