{
    "m_Version": 8,
    "m_TraderID": 7,
    "m_ClassName": "Zen_TraderObjectP2P",
    "m_Position": [
        10228.3330078125,
        243.204833984375,
        2162.55322265625
    ],
    "m_Orientation": [
        46.799983978271487,
        0.0,
        0.0
    ],
    "m_LoadoutFile": "",
    "m_VehicleSpawnPosition": [
        10228.3330078125,
        243.204833984375,
        2162.55322265625
    ],
    "m_WatercraftSpawnPosition": [
        10228.3330078125,
        243.204833984375,
        2162.55322265625
    ],
    "m_AircraftSpawnPosition": [
        10228.3330078125,
        243.204833984375,
        2162.55322265625
    ],
    "m_DisplayName": "Player-to-Player Market",
    "m_DisplayIcon": "Deliver",
    "m_Faction": "InvincibleObservers",
    "m_Waypoints": [],
    "m_EmoteID": 46,
    "m_EmoteIsStatic": 0,
    "m_RequiredFaction": "",
    "m_UseReputation": 0,
    "m_MinRequiredReputation": 0,
    "m_MaxRequiredReputation": 2147483647,
    "m_RequiredCompletedQuestID": -1,
    "m_IsGlobalTrader": 1,
    "m_Currencies": [
        "nail"
    ],
    "m_DisplayCurrencyValue": 1,
    "m_DisplayCurrencyName": ""
}