{
    "m_Version": 8,
    "m_TraderID": 5,
    "m_ClassName": "Zen_TraderObjectP2P",
    "m_Position": [
        6254.833984375,
        383.2168273925781,
        3940.243408203125
    ],
    "m_Orientation": [
        -57.599998474121097,
        0.0,
        0.0
    ],
    "m_LoadoutFile": "",
    "m_VehicleSpawnPosition": [
        6254.833984375,
        383.2168273925781,
        3940.243408203125
    ],
    "m_WatercraftSpawnPosition": [
        6254.833984375,
        383.2168273925781,
        3940.243408203125
    ],
    "m_AircraftSpawnPosition": [
        6254.833984375,
        383.2168273925781,
        3940.243408203125
    ],
    "m_DisplayName": "Player-to-Player Market",
    "m_DisplayIcon": "Deliver",
    "m_Faction": "InvincibleObservers",
    "m_Waypoints": [],
    "m_EmoteID": 46,
    "m_EmoteIsStatic": 0,
    "m_RequiredFaction": "",
    "m_UseReputation": 0,
    "m_MinRequiredReputation": 0,
    "m_MaxRequiredReputation": 2147483647,
    "m_RequiredCompletedQuestID": -1,
    "m_IsGlobalTrader": 1,
    "m_Currencies": [
        "nail"
    ],
    "m_DisplayCurrencyValue": 1,
    "m_DisplayCurrencyName": ""
}