{
    "m_Version": 8,
    "m_TraderID": 2,
    "m_ClassName": "Zen_TraderObjectP2P",
    "m_Position": [
        6382.20458984375,
        175.15789794921876,
        11003.2265625
    ],
    "m_Orientation": [
        74.5,
        0.0,
        0.0
    ],
    "m_LoadoutFile": "",
    "m_VehicleSpawnPosition": [
        6382.20458984375,
        175.15789794921876,
        11003.2265625
    ],
    "m_WatercraftSpawnPosition": [
        6382.20458984375,
        175.15789794921876,
        11003.2265625
    ],
    "m_AircraftSpawnPosition": [
        6382.20458984375,
        175.15789794921876,
        11003.2265625
    ],
    "m_DisplayName": "Player-to-Player Market",
    "m_DisplayIcon": "Deliver",
    "m_Faction": "InvincibleObservers",
    "m_Waypoints": [],
    "m_EmoteID": 46,
    "m_EmoteIsStatic": 0,
    "m_RequiredFaction": "",
    "m_UseReputation": 0,
    "m_MinRequiredReputation": 0,
    "m_MaxRequiredReputation": 2147483647,
    "m_RequiredCompletedQuestID": -1,
    "m_IsGlobalTrader": 1,
    "m_Currencies": [
        "nail"
    ],
    "m_DisplayCurrencyValue": 1,
    "m_DisplayCurrencyName": ""
}