{
    "m_Version": 6,
    "m_DisplayName": "Sanctuary",
    "Position": [
        5638.12060546875,
        185.103515625,
        10607.1396484375
    ],
    "Radius": 80.0,
    "BuyPricePercent": 100.0,
    "SellPricePercent": -1.0,
    "Stock": {}
}